{
  "timestamp": "20250211_035344",
  "total_duration": 1399.2525210380554,
  "total_sessions": 3,
  "total_predictions": 300,
  "total_timeouts": 0,
  "average_accuracy": 51.0,
  "model_performance": {
    "claude-3-5-sonnet-20241022": {
      "total_attempts": 300,
      "successful_attempts": 300,
      "accuracy": [
        43.0,
        53.0,
        57.0
      ],
      "avg_execution_time": 4.563406830628713,
      "auc_roc": [
        0.5378824672170957,
        0.5381253035454103,
        0.6138902379796018
      ],
      "timeouts": 0,
      "avg_accuracy": 51.0,
      "avg_auc_roc": 0.5632993362473693,
      "success_rate": 100.0
    }
  }
}