{
  "timestamp": "20250210_082704",
  "total_duration": 2076.9189240932465,
  "total_sessions": 3,
  "total_predictions": 300,
  "total_timeouts": 0,
  "average_accuracy": 58.666666666666664,
  "model_performance": {
    "o3-mini-2025-01-31": {
      "total_attempts": 300,
      "successful_attempts": 300,
      "accuracy": [
        52.0,
        53.0,
        71.0
      ],
      "avg_execution_time": 6.823087232907613,
      "auc_roc": [
        0.6156444906444907,
        0.4617983367983368,
        0.5405405405405405
      ],
      "timeouts": 0,
      "avg_accuracy": 58.666666666666664,
      "avg_auc_roc": 0.5393277893277894,
      "success_rate": 100.0
    }
  }
}