{
  "timestamp": "20250130_063942",
  "total_duration": 30336.9519033432,
  "total_sessions": 13,
  "total_predictions": 1595,
  "total_timeouts": 0,
  "average_accuracy": 73.888976314607,
  "model_performance": {
    "deepseek-r1:7b": {
      "total_attempts": 498,
      "successful_attempts": 498,
      "accuracy": [
        55.0,
        63.81909547738694,
        69.34673366834171
      ],
      "avg_execution_time": 27.92376060712677,
      "auc_roc": [
        0.0,
        0.8273737373737373,
        0.771060606060606
      ],
      "timeouts": 0,
      "avg_accuracy": 62.721943048576215,
      "avg_auc_roc": 0.5328114478114477,
      "success_rate": 100.0
    },
    "dolphin3:8b-llama3.1-q4_K_M": {
      "total_attempts": 200,
      "successful_attempts": 200,
      "accuracy": [
        69.0,
        87.0
      ],
      "avg_execution_time": 2.804893900156021,
      "auc_roc": [
        0.0,
        0.0
      ],
      "timeouts": 0,
      "avg_accuracy": 78.0,
      "avg_auc_roc": 0.0,
      "success_rate": 100.0
    },
    "granite3.1-dense:8b-instruct-q4_K_M": {
      "total_attempts": 100,
      "successful_attempts": 100,
      "accuracy": [
        78.0
      ],
      "avg_execution_time": 3.5376953864097596,
      "auc_roc": [
        0.0
      ],
      "timeouts": 0,
      "avg_accuracy": 78.0,
      "avg_auc_roc": 0.0,
      "success_rate": 100.0
    },
    "llama3.1:8b-instruct-q4_K_M": {
      "total_attempts": 300,
      "successful_attempts": 300,
      "accuracy": [
        91.0,
        14.0,
        86.0
      ],
      "avg_execution_time": 11.705368200143178,
      "auc_roc": [
        0.0,
        0.0,
        0.0
      ],
      "timeouts": 0,
      "avg_accuracy": 63.666666666666664,
      "avg_auc_roc": 0.0,
      "success_rate": 100.0
    },
    "qwen2.5:7b-instruct-q4_K_M": {
      "total_attempts": 200,
      "successful_attempts": 200,
      "accuracy": [
        91.0,
        99.0
      ],
      "avg_execution_time": 2.495217341184616,
      "auc_roc": [
        0.0,
        0.0
      ],
      "timeouts": 0,
      "avg_accuracy": 95.0,
      "avg_auc_roc": 0.0,
      "success_rate": 100.0
    },
    "tulu3:8b-q4_K_M": {
      "total_attempts": 297,
      "successful_attempts": 297,
      "accuracy": [
        59.390862944162436,
        98.0
      ],
      "avg_execution_time": 13.616124298911409,
      "auc_roc": [
        0.7346391752577319,
        0.0
      ],
      "timeouts": 0,
      "avg_accuracy": 78.69543147208122,
      "avg_auc_roc": 0.36731958762886596,
      "success_rate": 100.0
    }
  }
}