{
  "timestamp": "20250211_024123",
  "total_duration": 2102.3279943466187,
  "total_sessions": 3,
  "total_predictions": 300,
  "total_timeouts": 0,
  "average_accuracy": 56.333333333333336,
  "model_performance": {
    "gpt-4o-mini": {
      "total_attempts": 300,
      "successful_attempts": 300,
      "accuracy": [
        48.0,
        69.0,
        52.0
      ],
      "avg_execution_time": 6.907802017529805,
      "auc_roc": [
        0.5614773258532025,
        0.5,
        0.497194950911641
      ],
      "timeouts": 0,
      "avg_accuracy": 56.333333333333336,
      "avg_auc_roc": 0.5195574255882812,
      "success_rate": 100.0
    }
  }
}