{
  "timestamp": "20250210_085559",
  "total_duration": 1733.8951003551483,
  "total_sessions": 3,
  "total_predictions": 300,
  "total_timeouts": 0,
  "average_accuracy": 58.333333333333336,
  "model_performance": {
    "o3-mini-2025-01-31": {
      "total_attempts": 300,
      "successful_attempts": 300,
      "accuracy": [
        51.0,
        52.0,
        72.0
      ],
      "avg_execution_time": 5.6796025681495665,
      "auc_roc": [
        0.5268817204301075,
        0.49298737727910236,
        0.43922393641888735
      ],
      "timeouts": 0,
      "avg_accuracy": 58.333333333333336,
      "avg_auc_roc": 0.48636434470936574,
      "success_rate": 100.0
    }
  }
}