{
  "timestamp": "20250210_070123",
  "total_duration": 7493.105766773224,
  "total_sessions": 3,
  "total_predictions": 300,
  "total_timeouts": 0,
  "average_accuracy": 63.0,
  "model_performance": {
    "deepseek-r1-distill-llama-70b": {
      "total_attempts": 300,
      "successful_attempts": 300,
      "accuracy": [
        51.0,
        69.0,
        69.0
      ],
      "avg_execution_time": 24.87729253689448,
      "auc_roc": [
        0.5490883590462833,
        0.5,
        0.5
      ],
      "timeouts": 0,
      "avg_accuracy": 63.0,
      "avg_auc_roc": 0.5163627863487611,
      "success_rate": 100.0
    }
  }
}