{
  "timestamp": "20250130_213229",
  "total_duration": 12228.750137329102,
  "total_sessions": 18,
  "total_predictions": 1800,
  "total_timeouts": 0,
  "average_accuracy": 51.388888888888886,
  "model_performance": {
    "dolphin3:8b-llama3.1-q4_K_M": {
      "total_attempts": 300,
      "successful_attempts": 300,
      "accuracy": [
        66.0,
        43.0,
        49.0
      ],
      "avg_execution_time": 1.8855473550160726,
      "auc_roc": [
        0.5189412336085479,
        0.6165614375910636,
        0.587178241864983
      ],
      "timeouts": 0,
      "avg_accuracy": 52.666666666666664,
      "avg_auc_roc": 0.5742269710215315,
      "success_rate": 100.0
    },
    "gemma2:9b-instruct-q4_K_M": {
      "total_attempts": 300,
      "successful_attempts": 300,
      "accuracy": [
        66.0,
        60.0,
        58.0
      ],
      "avg_execution_time": 13.312983299891153,
      "auc_roc": [
        0.6056338028169014,
        0.569208353569694,
        0.5628946090335114
      ],
      "timeouts": 0,
      "avg_accuracy": 61.333333333333336,
      "avg_auc_roc": 0.5792455884733689,
      "success_rate": 100.0
    },
    "granite3.1-dense:8b-instruct-q4_K_M": {
      "total_attempts": 300,
      "successful_attempts": 300,
      "accuracy": [
        61.0,
        48.0,
        52.0
      ],
      "avg_execution_time": 2.6922131450970967,
      "auc_roc": [
        0.5677513355998057,
        0.5813501699854299,
        0.5660514813016027
      ],
      "timeouts": 0,
      "avg_accuracy": 53.666666666666664,
      "avg_auc_roc": 0.5717176622956127,
      "success_rate": 100.0
    },
    "llama3.1:8b-instruct-q4_K_M": {
      "total_attempts": 300,
      "successful_attempts": 300,
      "accuracy": [
        49.0,
        30.0,
        44.0
      ],
      "avg_execution_time": 11.358799569606782,
      "auc_roc": [
        0.539339485186984,
        0.564108790675085,
        0.575279261777562
      ],
      "timeouts": 0,
      "avg_accuracy": 41.0,
      "avg_auc_roc": 0.559575845879877,
      "success_rate": 100.0
    },
    "qwen2.5:7b-instruct-q4_K_M": {
      "total_attempts": 300,
      "successful_attempts": 300,
      "accuracy": [
        72.0,
        45.0,
        56.0
      ],
      "avg_execution_time": 1.6786694327990215,
      "auc_roc": [
        0.6066051481301602,
        0.5696940262263234,
        0.7122389509470617
      ],
      "timeouts": 0,
      "avg_accuracy": 57.666666666666664,
      "avg_auc_roc": 0.6295127084345151,
      "success_rate": 100.0
    },
    "tulu3:8b-q4_K_M": {
      "total_attempts": 300,
      "successful_attempts": 300,
      "accuracy": [
        47.0,
        31.0,
        48.0
      ],
      "avg_execution_time": 9.23713140964508,
      "auc_roc": [
        0.5531811559009228,
        0.5543953375424964,
        0.6131617289946576
      ],
      "timeouts": 0,
      "avg_accuracy": 42.0,
      "avg_auc_roc": 0.5735794074793589,
      "success_rate": 100.0
    }
  }
}