{
  "timestamp": "20250210_045628",
  "total_duration": 6220.493239164352,
  "total_sessions": 2,
  "total_predictions": 162,
  "total_timeouts": 0,
  "average_accuracy": 73.29032258064515,
  "model_performance": {
    "deepseek-r1-distill-llama-70b": {
      "total_attempts": 162,
      "successful_attempts": 162,
      "accuracy": [
        72.58064516129032,
        74.0
      ],
      "avg_execution_time": 33.10830825405736,
      "auc_roc": [
        0.5,
        0.5
      ],
      "timeouts": 0,
      "avg_accuracy": 73.29032258064515,
      "avg_auc_roc": 0.5,
      "success_rate": 100.0
    }
  }
}