{
  "timestamp": "20250211_054950",
  "total_duration": 1915.278699874878,
  "total_sessions": 3,
  "total_predictions": 300,
  "total_timeouts": 0,
  "average_accuracy": 55.333333333333336,
  "model_performance": {
    "gpt-4o-mini": {
      "total_attempts": 300,
      "successful_attempts": 300,
      "accuracy": [
        48.0,
        71.0,
        47.0
      ],
      "avg_execution_time": 6.283951001962025,
      "auc_roc": [
        0.5534239922292375,
        0.5,
        0.5485672656629432
      ],
      "timeouts": 0,
      "avg_accuracy": 55.333333333333336,
      "avg_auc_roc": 0.5339970859640603,
      "success_rate": 100.0
    }
  }
}