{
  "timestamp": "20250210_004845",
  "total_duration": 1296.5562627315521,
  "total_sessions": 3,
  "total_predictions": 300,
  "total_timeouts": 0,
  "average_accuracy": 60.666666666666664,
  "model_performance": {
    "claude-3-5-haiku-20241022": {
      "total_attempts": 300,
      "successful_attempts": 300,
      "accuracy": [
        36.0,
        73.0,
        73.0
      ],
      "avg_execution_time": 4.221472710768381,
      "auc_roc": [
        0.686960933536276,
        0.5,
        0.5
      ],
      "timeouts": 0,
      "avg_accuracy": 60.666666666666664,
      "avg_auc_roc": 0.5623203111787587,
      "success_rate": 100.0
    }
  }
}