{
  "timestamp": "20250209_232850",
  "total_duration": 549.2627828121185,
  "total_sessions": 1,
  "total_predictions": 100,
  "total_timeouts": 0,
  "average_accuracy": 53.0,
  "model_performance": {
    "gpt-4o-mini": {
      "total_attempts": 100,
      "successful_attempts": 100,
      "accuracy": [
        53.0
      ],
      "avg_execution_time": 5.3786644673347475,
      "auc_roc": [
        0.5636732623033994
      ],
      "timeouts": 0,
      "avg_accuracy": 53.0,
      "avg_auc_roc": 0.5636732623033994,
      "success_rate": 100.0
    }
  }
}