{
  "timestamp": "20250210_000331",
  "total_duration": 1299.868421792984,
  "total_sessions": 3,
  "total_predictions": 300,
  "total_timeouts": 0,
  "average_accuracy": 58.333333333333336,
  "model_performance": {
    "claude-3-5-haiku-20241022": {
      "total_attempts": 300,
      "successful_attempts": 300,
      "accuracy": [
        33.0,
        71.0,
        71.0
      ],
      "avg_execution_time": 4.2326191171010334,
      "auc_roc": [
        0.60247693054881,
        0.5,
        0.5
      ],
      "timeouts": 0,
      "avg_accuracy": 58.333333333333336,
      "avg_auc_roc": 0.5341589768496033,
      "success_rate": 100.0
    }
  }
}