{
  "timestamp": "20250209_072443",
  "total_duration": 381.79226636886597,
  "total_sessions": 1,
  "total_predictions": 61,
  "total_timeouts": 0,
  "average_accuracy": 47.540983606557376,
  "model_performance": {
    "gpt-4o-mini": {
      "total_attempts": 61,
      "successful_attempts": 61,
      "accuracy": [
        47.540983606557376
      ],
      "avg_execution_time": 6.1048729693303345,
      "auc_roc": [
        0.413265306122449
      ],
      "timeouts": 0,
      "avg_accuracy": 47.540983606557376,
      "avg_auc_roc": 0.413265306122449,
      "success_rate": 100.0
    }
  }
}