{
  "timestamp": "20250209_062841",
  "total_duration": 1514.3331065177917,
  "total_sessions": 3,
  "total_predictions": 300,
  "total_timeouts": 0,
  "average_accuracy": 60.666666666666664,
  "model_performance": {
    "gpt-4o-mini": {
      "total_attempts": 300,
      "successful_attempts": 300,
      "accuracy": [
        47.0,
        76.0,
        59.0
      ],
      "avg_execution_time": 4.9473704862594605,
      "auc_roc": [
        0.4989035087719298,
        0.5,
        0.444078947368421
      ],
      "timeouts": 0,
      "avg_accuracy": 60.666666666666664,
      "avg_auc_roc": 0.4809941520467836,
      "success_rate": 100.0
    }
  }
}