{
  "timestamp": "20250209_183157",
  "total_duration": 1097.9298720359802,
  "total_sessions": 3,
  "total_predictions": 281,
  "total_timeouts": 0,
  "average_accuracy": 43.67901234567901,
  "model_performance": {
    "gemini-2.0-flash": {
      "total_attempts": 281,
      "successful_attempts": 281,
      "accuracy": [
        37.03703703703704,
        48.0,
        46.0
      ],
      "avg_execution_time": 3.3439295081739075,
      "auc_roc": [
        0.6275038520801234,
        0.6474016512870325,
        0.6200657894736842
      ],
      "timeouts": 0,
      "avg_accuracy": 43.67901234567901,
      "avg_auc_roc": 0.6316570976136133,
      "success_rate": 100.0
    }
  }
}