{
  "timestamp": "20250211_061145",
  "total_duration": 1314.2309625148773,
  "total_sessions": 3,
  "total_predictions": 300,
  "total_timeouts": 0,
  "average_accuracy": 58.666666666666664,
  "model_performance": {
    "claude-3-5-haiku-20241022": {
      "total_attempts": 300,
      "successful_attempts": 300,
      "accuracy": [
        34.0,
        71.0,
        71.0
      ],
      "avg_execution_time": 4.280075325965881,
      "auc_roc": [
        0.6226323457989316,
        0.5,
        0.5
      ],
      "timeouts": 0,
      "avg_accuracy": 58.666666666666664,
      "avg_auc_roc": 0.5408774485996438,
      "success_rate": 100.0
    }
  }
}