{
  "timestamp": "20250210_002558",
  "total_duration": 1327.672827243805,
  "total_sessions": 3,
  "total_predictions": 300,
  "total_timeouts": 0,
  "average_accuracy": 62.0,
  "model_performance": {
    "claude-3-5-haiku-20241022": {
      "total_attempts": 300,
      "successful_attempts": 300,
      "accuracy": [
        33.0,
        77.0,
        76.0
      ],
      "avg_execution_time": 4.206548477013905,
      "auc_roc": [
        0.543859649122807,
        0.5,
        0.5
      ],
      "timeouts": 0,
      "avg_accuracy": 62.0,
      "avg_auc_roc": 0.5146198830409356,
      "success_rate": 100.0
    }
  }
}