{
  "timestamp": "20250211_033023",
  "total_duration": 1908.480842590332,
  "total_sessions": 3,
  "total_predictions": 300,
  "total_timeouts": 0,
  "average_accuracy": 57.333333333333336,
  "model_performance": {
    "o3-mini-2025-01-31": {
      "total_attempts": 300,
      "successful_attempts": 300,
      "accuracy": [
        49.0,
        53.0,
        70.0
      ],
      "avg_execution_time": 6.261509088675181,
      "auc_roc": [
        0.6160757649344342,
        0.4706168042739194,
        0.4742593491986401
      ],
      "timeouts": 0,
      "avg_accuracy": 57.333333333333336,
      "avg_auc_roc": 0.5203173061356645,
      "success_rate": 100.0
    }
  }
}