{
  "timestamp": "20250129_112441",
  "total_duration": 30754.960322380066,
  "total_sessions": 19,
  "total_predictions": 2189,
  "total_timeouts": 0,
  "average_accuracy": 31.92077638121719,
  "model_performance": {
    "deepseek-r1:7b": {
      "total_attempts": 490,
      "successful_attempts": 490,
      "accuracy": [
        14.0,
        42.931937172774866,
        61.30653266331658
      ],
      "avg_execution_time": 28.44508853900009,
      "auc_roc": [
        0.0,
        0.0,
        0.0
      ],
      "timeouts": 0,
      "avg_accuracy": 39.41282327869715,
      "avg_auc_roc": 0.0,
      "success_rate": 100.0
    },
    "dolphin3:8b-llama3.1-q4_K_M": {
      "total_attempts": 399,
      "successful_attempts": 399,
      "accuracy": [
        98.0,
        51.256281407035175,
        13.0
      ],
      "avg_execution_time": 1.8974045286705747,
      "auc_roc": [
        0.0,
        0.0,
        0.0
      ],
      "timeouts": 0,
      "avg_accuracy": 54.085427135678394,
      "avg_auc_roc": 0.0,
      "success_rate": 100.0
    },
    "gemma2:9b-instruct-q4_K_M": {
      "total_attempts": 200,
      "successful_attempts": 200,
      "accuracy": [
        57.0,
        47.0
      ],
      "avg_execution_time": 18.808695837259293,
      "auc_roc": [
        0.0,
        0.0
      ],
      "timeouts": 0,
      "avg_accuracy": 52.0,
      "avg_auc_roc": 0.0,
      "success_rate": 100.0
    },
    "granite3.1-dense:8b-instruct-q4_K_M": {
      "total_attempts": 300,
      "successful_attempts": 300,
      "accuracy": [
        58.0,
        12.0,
        81.0
      ],
      "avg_execution_time": 2.805230773289998,
      "auc_roc": [
        0.0,
        0.0,
        0.0
      ],
      "timeouts": 0,
      "avg_accuracy": 50.333333333333336,
      "avg_auc_roc": 0.0,
      "success_rate": 100.0
    },
    "llama3.1:8b-instruct-q4_K_M": {
      "total_attempts": 300,
      "successful_attempts": 300,
      "accuracy": [
        20.0,
        1.0,
        8.0
      ],
      "avg_execution_time": 10.613662514686585,
      "auc_roc": [
        0.0,
        0.0,
        0.0
      ],
      "timeouts": 0,
      "avg_accuracy": 9.666666666666666,
      "avg_auc_roc": 0.0,
      "success_rate": 100.0
    },
    "qwen2.5:7b-instruct-q4_K_M": {
      "total_attempts": 200,
      "successful_attempts": 200,
      "accuracy": [
        10.0,
        28.0
      ],
      "avg_execution_time": 2.5084276938438417,
      "auc_roc": [
        0.0,
        0.0
      ],
      "timeouts": 0,
      "avg_accuracy": 19.0,
      "avg_auc_roc": 0.0,
      "success_rate": 100.0
    },
    "tulu3:8b-q4_K_M": {
      "total_attempts": 300,
      "successful_attempts": 300,
      "accuracy": [
        3.0,
        1.0,
        0.0
      ],
      "avg_execution_time": 8.688903629779816,
      "auc_roc": [
        0.0,
        0.0,
        0.0
      ],
      "timeouts": 0,
      "avg_accuracy": 1.3333333333333333,
      "avg_auc_roc": 0.0,
      "success_rate": 100.0
    }
  }
}