{
  "timestamp": "20250127_033420",
  "total_duration": 46942.90873670578,
  "total_sessions": 47,
  "total_predictions": 6964,
  "total_timeouts": 0,
  "average_accuracy": 49.24202127659574,
  "model_performance": {
    "aya-expanse:8b-q4_K_M": {
      "total_attempts": 214,
      "successful_attempts": 214,
      "accuracy": [
        34.375,
        42.0
      ],
      "avg_execution_time": 12.353355630338193,
      "auc_roc": [
        0.5594493116395495,
        0.544732441471572
      ],
      "timeouts": 0,
      "avg_accuracy": 38.1875,
      "avg_auc_roc": 0.5520908765555608,
      "success_rate": 100.0
    },
    "deepseek-r1:7b": {
      "total_attempts": 450,
      "successful_attempts": 450,
      "accuracy": [
        50.0,
        42.0,
        47.333333333333336
      ],
      "avg_execution_time": 5.899885401725769,
      "auc_roc": [
        0.5279055183946488,
        0.667710897292459,
        0.5926310926310926
      ],
      "timeouts": 0,
      "avg_accuracy": 46.44444444444444,
      "avg_auc_roc": 0.5960825027727334,
      "success_rate": 100.0
    },
    "dolphin3:8b-llama3.1-q4_K_M": {
      "total_attempts": 450,
      "successful_attempts": 450,
      "accuracy": [
        66.66666666666667,
        45.333333333333336,
        48.666666666666664
      ],
      "avg_execution_time": 9.045026655197143,
      "auc_roc": [
        0.5260242474916388,
        0.5422384219554031,
        0.6343018394648829
      ],
      "timeouts": 0,
      "avg_accuracy": 53.55555555555556,
      "avg_auc_roc": 0.5675215029706416,
      "success_rate": 100.0
    },
    "exaone3.5:7.8b-instruct-q4_K_M": {
      "total_attempts": 450,
      "successful_attempts": 450,
      "accuracy": [
        61.333333333333336,
        42.0,
        45.333333333333336
      ],
      "avg_execution_time": 2.0047878334257336,
      "auc_roc": [
        0.5259197324414715,
        0.521499060150376,
        0.5243520066889632
      ],
      "timeouts": 0,
      "avg_accuracy": 49.55555555555556,
      "avg_auc_roc": 0.5239235997602703,
      "success_rate": 100.0
    },
    "falcon3:7b-instruct-q4_K_M": {
      "total_attempts": 450,
      "successful_attempts": 450,
      "accuracy": [
        50.666666666666664,
        52.666666666666664,
        48.666666666666664
      ],
      "avg_execution_time": 9.40939394791921,
      "auc_roc": [
        0.4876672240802675,
        0.49519230769230765,
        0.5762959866220736
      ],
      "timeouts": 0,
      "avg_accuracy": 50.666666666666664,
      "avg_auc_roc": 0.5197185061315496,
      "success_rate": 100.0
    },
    "gemma2:9b-instruct-q4_K_M": {
      "total_attempts": 450,
      "successful_attempts": 450,
      "accuracy": [
        63.333333333333336,
        62.666666666666664,
        54.666666666666664
      ],
      "avg_execution_time": 2.7577720165252684,
      "auc_roc": [
        0.5438963210702341,
        0.5031354515050167,
        0.5156772575250836
      ],
      "timeouts": 0,
      "avg_accuracy": 60.22222222222222,
      "avg_auc_roc": 0.5209030100334449,
      "success_rate": 100.0
    },
    "glm4:9b-chat-q4_K_M": {
      "total_attempts": 450,
      "successful_attempts": 450,
      "accuracy": [
        49.333333333333336,
        36.0,
        43.333333333333336
      ],
      "avg_execution_time": 13.769792053964402,
      "auc_roc": [
        0.5286371237458194,
        0.5667851170568562,
        0.5248745819397993
      ],
      "timeouts": 0,
      "avg_accuracy": 42.88888888888889,
      "avg_auc_roc": 0.5400989409141583,
      "success_rate": 100.0
    },
    "granite3.1-dense:8b-instruct-q4_K_M": {
      "total_attempts": 450,
      "successful_attempts": 450,
      "accuracy": [
        62.0,
        47.333333333333336,
        52.0
      ],
      "avg_execution_time": 2.8682780843310884,
      "auc_roc": [
        0.5124372909698997,
        0.5853409090909091,
        0.5984531772575251
      ],
      "timeouts": 0,
      "avg_accuracy": 53.77777777777778,
      "avg_auc_roc": 0.5654104591061113,
      "success_rate": 100.0
    },
    "hermes3:8b-llama3.1-q4_K_M": {
      "total_attempts": 450,
      "successful_attempts": 450,
      "accuracy": [
        56.666666666666664,
        32.0,
        36.666666666666664
      ],
      "avg_execution_time": 10.630647001796298,
      "auc_roc": [
        0.6066053511705686,
        0.5348035117056856,
        0.542955685618729
      ],
      "timeouts": 0,
      "avg_accuracy": 41.77777777777778,
      "avg_auc_roc": 0.5614548494983277,
      "success_rate": 100.0
    },
    "llama3.1:8b-instruct-q4_K_M": {
      "total_attempts": 450,
      "successful_attempts": 450,
      "accuracy": [
        56.0,
        35.333333333333336,
        45.333333333333336
      ],
      "avg_execution_time": 2.2985166666242813,
      "auc_roc": [
        0.6248954849498327,
        0.5826714046822743,
        0.5502717391304348
      ],
      "timeouts": 0,
      "avg_accuracy": 45.55555555555556,
      "avg_auc_roc": 0.585946209587514,
      "success_rate": 100.0
    },
    "marco-o1:7b-q4_K_M": {
      "total_attempts": 450,
      "successful_attempts": 450,
      "accuracy": [
        64.0,
        42.666666666666664,
        55.333333333333336
      ],
      "avg_execution_time": 9.7218783654107,
      "auc_roc": [
        0.4941471571906354,
        0.524247491638796,
        0.5944816053511706
      ],
      "timeouts": 0,
      "avg_accuracy": 54.0,
      "avg_auc_roc": 0.5376254180602007,
      "success_rate": 100.0
    },
    "mistral:7b-instruct-q4_K_M": {
      "total_attempts": 450,
      "successful_attempts": 450,
      "accuracy": [
        54.0,
        54.0,
        56.666666666666664
      ],
      "avg_execution_time": 1.9321595684687296,
      "auc_roc": [
        0.4945652173913044,
        0.4783653846153845,
        0.4712583612040134
      ],
      "timeouts": 0,
      "avg_accuracy": 54.888888888888886,
      "avg_auc_roc": 0.4813963210702341,
      "success_rate": 100.0
    },
    "olmo2:7b-1124-instruct-q4_K_M": {
      "total_attempts": 450,
      "successful_attempts": 450,
      "accuracy": [
        59.333333333333336,
        31.333333333333332,
        39.333333333333336
      ],
      "avg_execution_time": 9.579618163108826,
      "auc_roc": [
        0.5448369565217391,
        0.5348413379073756,
        0.505121237458194
      ],
      "timeouts": 0,
      "avg_accuracy": 43.333333333333336,
      "avg_auc_roc": 0.5282665106291029,
      "success_rate": 100.0
    },
    "phi4:14b-q4_K_M": {
      "total_attempts": 450,
      "successful_attempts": 450,
      "accuracy": [
        57.333333333333336,
        48.666666666666664,
        42.0
      ],
      "avg_execution_time": 5.953042075898912,
      "auc_roc": [
        0.4775292642140468,
        0.549435618729097,
        0.5658444816053512
      ],
      "timeouts": 0,
      "avg_accuracy": 49.333333333333336,
      "avg_auc_roc": 0.5309364548494984,
      "success_rate": 100.0
    },
    "qwen2.5:7b-instruct-q4_K_M": {
      "total_attempts": 450,
      "successful_attempts": 450,
      "accuracy": [
        65.33333333333333,
        50.0,
        52.666666666666664
      ],
      "avg_execution_time": 8.439275368054709,
      "auc_roc": [
        0.49446070234113715,
        0.5269648829431438,
        0.592809364548495
      ],
      "timeouts": 0,
      "avg_accuracy": 56.0,
      "avg_auc_roc": 0.5380783166109253,
      "success_rate": 100.0
    },
    "tulu3:8b-q4_K_M": {
      "total_attempts": 450,
      "successful_attempts": 450,
      "accuracy": [
        52.666666666666664,
        32.666666666666664,
        46.666666666666664
      ],
      "avg_execution_time": 1.9013857168621486,
      "auc_roc": [
        0.5841346153846154,
        0.5513636363636364,
        0.5475860475860477
      ],
      "timeouts": 0,
      "avg_accuracy": 44.0,
      "avg_auc_roc": 0.5610280997780999,
      "success_rate": 100.0
    }
  }
}