{
  "timestamp": "20250125_080937",
  "total_duration": 18440.698721647263,
  "total_sessions": 13,
  "total_predictions": 1216,
  "total_timeouts": 0,
  "average_accuracy": 44.13461538461539,
  "model_performance": {
    "deepseek-r1:1.5b": {
      "total_attempts": 16,
      "successful_attempts": 16,
      "accuracy": [
        43.75
      ],
      "avg_execution_time": 2.9199612736701965,
      "auc_roc": [
        0.7142857142857143
      ],
      "timeouts": 0,
      "avg_accuracy": 43.75,
      "avg_auc_roc": 0.7142857142857143,
      "success_rate": 100.0
    },
    "deepseek-r1:7b": {
      "total_attempts": 300,
      "successful_attempts": 300,
      "accuracy": [
        44.0,
        38.0,
        45.0
      ],
      "avg_execution_time": 5.883273169199626,
      "auc_roc": [
        0.5088826554464704,
        0.5116877045348294,
        0.564935064935065
      ],
      "timeouts": 0,
      "avg_accuracy": 42.333333333333336,
      "avg_auc_roc": 0.5285018083054549,
      "success_rate": 100.0
    },
    "deepseek-r1:8b": {
      "total_attempts": 300,
      "successful_attempts": 300,
      "accuracy": [
        49.0,
        39.0,
        36.0
      ],
      "avg_execution_time": 29.435960206985474,
      "auc_roc": [
        0.515895278167368,
        0.5553728070175438,
        0.4482496194824962
      ],
      "timeouts": 0,
      "avg_accuracy": 41.333333333333336,
      "avg_auc_roc": 0.5065059015558027,
      "success_rate": 100.0
    },
    "deepseek-r1:14b": {
      "total_attempts": 300,
      "successful_attempts": 300,
      "accuracy": [
        50.0,
        43.0,
        47.0
      ],
      "avg_execution_time": 11.303016199270884,
      "auc_roc": [
        0.6316964285714286,
        0.4285714285714286,
        0.4479166666666667
      ],
      "timeouts": 0,
      "avg_accuracy": 46.666666666666664,
      "avg_auc_roc": 0.5027281746031746,
      "success_rate": 100.0
    },
    "granite3.1-moe:3b-instruct-q4_K_M": {
      "total_attempts": 300,
      "successful_attempts": 300,
      "accuracy": [
        56.0,
        45.0,
        38.0
      ],
      "avg_execution_time": 7.870660242239635,
      "auc_roc": [
        0.5488095238095239,
        0.4744543650793651,
        0.6076190476190476
      ],
      "timeouts": 0,
      "avg_accuracy": 46.333333333333336,
      "avg_auc_roc": 0.5436276455026455,
      "success_rate": 100.0
    }
  }
}