{
  "timestamp": "20250128_183052",
  "total_duration": 20294.46836566925,
  "total_sessions": 21,
  "total_predictions": 3136,
  "total_timeouts": 0,
  "average_accuracy": 49.74183006535948,
  "model_performance": {
    "deepseek-r1:7b": {
      "total_attempts": 436,
      "successful_attempts": 436,
      "accuracy": [
        41.911764705882355,
        43.333333333333336,
        41.333333333333336
      ],
      "avg_execution_time": 5.989556742033927,
      "auc_roc": [
        0.4898611111111111,
        0.5191304347826087,
        0.5431818181818181
      ],
      "timeouts": 0,
      "avg_accuracy": 42.192810457516345,
      "avg_auc_roc": 0.5173911213585126,
      "success_rate": 100.0
    },
    "dolphin3:8b-llama3.1-q4_K_M": {
      "total_attempts": 450,
      "successful_attempts": 450,
      "accuracy": [
        68.66666666666667,
        45.333333333333336,
        42.666666666666664
      ],
      "avg_execution_time": 9.094339532852173,
      "auc_roc": [
        0.5534611992945326,
        0.6624779541446206,
        0.5509259259259258
      ],
      "timeouts": 0,
      "avg_accuracy": 52.22222222222222,
      "avg_auc_roc": 0.5889550264550264,
      "success_rate": 100.0
    },
    "gemma2:9b-instruct-q4_K_M": {
      "total_attempts": 450,
      "successful_attempts": 450,
      "accuracy": [
        68.0,
        64.66666666666667,
        54.666666666666664
      ],
      "avg_execution_time": 2.8046714814503986,
      "auc_roc": [
        0.5963403880070547,
        0.5895061728395062,
        0.5989858906525573
      ],
      "timeouts": 0,
      "avg_accuracy": 62.44444444444444,
      "avg_auc_roc": 0.5949441504997061,
      "success_rate": 100.0
    },
    "granite3.1-dense:8b-instruct-q4_K_M": {
      "total_attempts": 450,
      "successful_attempts": 450,
      "accuracy": [
        63.333333333333336,
        50.666666666666664,
        42.666666666666664
      ],
      "avg_execution_time": 14.075028007825216,
      "auc_roc": [
        0.5149911816578483,
        0.5695546737213404,
        0.5983245149911817
      ],
      "timeouts": 0,
      "avg_accuracy": 52.22222222222222,
      "avg_auc_roc": 0.5609567901234568,
      "success_rate": 100.0
    },
    "llama3.1:8b-instruct-q4_K_M": {
      "total_attempts": 450,
      "successful_attempts": 450,
      "accuracy": [
        57.333333333333336,
        31.333333333333332,
        40.666666666666664
      ],
      "avg_execution_time": 2.2691472291946413,
      "auc_roc": [
        0.6386684303350969,
        0.5756172839506174,
        0.6897045855379189
      ],
      "timeouts": 0,
      "avg_accuracy": 43.111111111111114,
      "avg_auc_roc": 0.6346634332745444,
      "success_rate": 100.0
    },
    "qwen2.5:7b-instruct-q4_K_M": {
      "total_attempts": 450,
      "successful_attempts": 450,
      "accuracy": [
        69.33333333333333,
        49.333333333333336,
        40.0
      ],
      "avg_execution_time": 7.615461459159851,
      "auc_roc": [
        0.5449735449735449,
        0.5665784832451499,
        0.5849867724867726
      ],
      "timeouts": 0,
      "avg_accuracy": 52.888888888888886,
      "avg_auc_roc": 0.5655129335684891,
      "success_rate": 100.0
    },
    "tulu3:8b-q4_K_M": {
      "total_attempts": 450,
      "successful_attempts": 450,
      "accuracy": [
        50.0,
        30.0,
        49.333333333333336
      ],
      "avg_execution_time": 1.8700588024987115,
      "auc_roc": [
        0.6389991181657848,
        0.582840909090909,
        0.5483138005261898
      ],
      "timeouts": 0,
      "avg_accuracy": 43.111111111111114,
      "avg_auc_roc": 0.5900512759276278,
      "success_rate": 100.0
    }
  }
}