{
  "timestamp": "20250126_131353",
  "total_duration": 85100.79995822906,
  "total_sessions": 6,
  "total_predictions": 600,
  "total_timeouts": 0,
  "average_accuracy": 47.166666666666664,
  "model_performance": {
    "deepseek-r1:32b": {
      "total_attempts": 300,
      "successful_attempts": 300,
      "accuracy": [
        47.0,
        34.0,
        52.0
      ],
      "avg_execution_time": 117.8670150311788,
      "auc_roc": [
        0.5161904761904762,
        0.5436326737696601,
        0.5783991228070176
      ],
      "timeouts": 0,
      "avg_accuracy": 44.333333333333336,
      "avg_auc_roc": 0.5460740909223846,
      "success_rate": 100.0
    },
    "deepseek-r1:70b": {
      "total_attempts": 300,
      "successful_attempts": 300,
      "accuracy": [
        56.0,
        43.0,
        51.0
      ],
      "avg_execution_time": 131.68912022034326,
      "auc_roc": [
        0.544890873015873,
        0.5877192982456141,
        0.706081081081081
      ],
      "timeouts": 0,
      "avg_accuracy": 50.0,
      "avg_auc_roc": 0.6128970841141894,
      "success_rate": 100.0
    }
  }
}